<?xml version="1.0" encoding="UTF-8" standalone="no"?>
<XMCDA NS1:schemaLocation="http://www.decision-deck.org/2009/XMCDA-2.0.0 http://sma.uni.lu/d2cms/xmcda/_downloads/XMCDA-2.0.0.xsd" xmlns="http://www.decision-deck.org/2009/XMCDA-2.0.0" xmlns:NS1="http://www.w3.org/2001/XMLSchema-instance"><alternativesValues xmlns=""><alternativeValue><alternativeID>fictiveBest</alternativeID><value><integer>1</integer></value></alternativeValue><alternativeValue><alternativeID>a09</alternativeID><value><integer>2</integer></value></alternativeValue><alternativeValue><alternativeID>a11</alternativeID><value><integer>3</integer></value></alternativeValue><alternativeValue><alternativeID>a07</alternativeID><value><integer>4</integer></value></alternativeValue><alternativeValue><alternativeID>a06</alternativeID><value><integer>5</integer></value></alternativeValue><alternativeValue><alternativeID>a04</alternativeID><value><integer>6</integer></value></alternativeValue><alternativeValue><alternativeID>a10</alternativeID><value><integer>7</integer></value></alternativeValue><alternativeValue><alternativeID>fictiveWorst</alternativeID><value><integer>8</integer></value></alternativeValue></alternativesValues></XMCDA>