<?xml version="1.0" encoding="UTF-8" standalone="no"?>
<XMCDA NS1:schemaLocation="http://www.decision-deck.org/2009/XMCDA-2.0.0 http://sma.uni.lu/d2cms/xmcda/_downloads/XMCDA-2.0.0.xsd" xmlns="http://www.decision-deck.org/2009/XMCDA-2.0.0" xmlns:NS1="http://www.w3.org/2001/XMLSchema-instance"><performanceTable xmlns=""><alternativePerformances><alternativeID>a01</alternativeID><performance><criterionID>g1</criterionID><value><real>245</real></value></performance><performance><criterionID>g2</criterionID><value><real>208</real></value></performance><performance><criterionID>g3</criterionID><value><real>1373</real></value></performance></alternativePerformances><alternativePerformances><alternativeID>a02</alternativeID><performance><criterionID>g1</criterionID><value><real>1684</real></value></performance><performance><criterionID>g2</criterionID><value><real>238</real></value></performance><performance><criterionID>g3</criterionID><value><real>571</real></value></performance></alternativePerformances><alternativePerformances><alternativeID>a03</alternativeID><performance><criterionID>g1</criterionID><value><real>190</real></value></performance><performance><criterionID>g2</criterionID><value><real>231</real></value></performance><performance><criterionID>g3</criterionID><value><real>1573</real></value></performance></alternativePerformances><alternativePerformances><alternativeID>a04</alternativeID><performance><criterionID>g1</criterionID><value><real>599</real></value></performance><performance><criterionID>g2</criterionID><value><real>106</real></value></performance><performance><criterionID>g3</criterionID><value><real>264</real></value></performance></alternativePerformances><alternativePerformances><alternativeID>a05</alternativeID><performance><criterionID>g1</criterionID><value><real>238</real></value></performance><performance><criterionID>g2</criterionID><value><real>253</real></value></performance><performance><criterionID>g3</criterionID><value><real>1698</real></value></performance></alternativePerformances><alternativePerformances><alternativeID>a06</alternativeID><performance><criterionID>g1</criterionID><value><real>443</real></value></performance><performance><criterionID>g2</criterionID><value><real>167</real></value></performance><performance><criterionID>g3</criterionID><value><real>455</real></value></performance></alternativePerformances><alternativePerformances><alternativeID>a07</alternativeID><performance><criterionID>g1</criterionID><value><real>286</real></value></performance><performance><criterionID>g2</criterionID><value><real>112</real></value></performance><performance><criterionID>g3</criterionID><value><real>307</real></value></performance></alternativePerformances><alternativePerformances><alternativeID>a08</alternativeID><performance><criterionID>g1</criterionID><value><real>574</real></value></performance><performance><criterionID>g2</criterionID><value><real>131</real></value></performance><performance><criterionID>g3</criterionID><value><real>340</real></value></performance></alternativePerformances><alternativePerformances><alternativeID>a09</alternativeID><performance><criterionID>g1</criterionID><value><real>368</real></value></performance><performance><criterionID>g2</criterionID><value><real>90</real></value></performance><performance><criterionID>g3</criterionID><value><real>235</real></value></performance></alternativePerformances><alternativePerformances><alternativeID>a10</alternativeID><performance><criterionID>g1</criterionID><value><real>610</real></value></performance><performance><criterionID>g2</criterionID><value><real>131</real></value></performance><performance><criterionID>g3</criterionID><value><real>339</real></value></performance></alternativePerformances><alternativePerformances><alternativeID>a11</alternativeID><performance><criterionID>g1</criterionID><value><real>390</real></value></performance><performance><criterionID>g2</criterionID><value><real>90</real></value></performance><performance><criterionID>g3</criterionID><value><real>234</real></value></performance></alternativePerformances><alternativePerformances><alternativeID>fictiveBest</alternativeID><performance><criterionID>g1</criterionID><value><real>150</real></value></performance><performance><criterionID>g2</criterionID><value><real>80</real></value></performance><performance><criterionID>g3</criterionID><value><real>200</real></value></performance></alternativePerformances><alternativePerformances><alternativeID>fictiveWorst</alternativeID><performance><criterionID>g1</criterionID><value><real>1800</real></value></performance><performance><criterionID>g2</criterionID><value><real>300</real></value></performance><performance><criterionID>g3</criterionID><value><real>1800</real></value></performance></alternativePerformances></performanceTable></XMCDA>