<?xml version="1.0" encoding="UTF-8" standalone="no"?>
<XMCDA NS1:schemaLocation="http://www.decision-deck.org/2009/XMCDA-2.0.0 http://sma.uni.lu/d2cms/xmcda/_downloads/XMCDA-2.0.0.xsd" xmlns="http://www.decision-deck.org/2009/XMCDA-2.0.0" xmlns:NS1="http://www.w3.org/2001/XMLSchema-instance"><alternatives xmlns=""><alternative id="a03" name="Sunny"><description><comment>Nissan Sunny</comment></description></alternative><alternative id="a07" name="Civic"><description><comment>Honda Civic</comment></description></alternative><alternative id="a08" name="Astra"><description><comment>Opel Astra</comment></description></alternative><alternative id="a05" name="Colt"><description><comment>Mitsu Colt</comment></description></alternative><alternative id="a04" name="Mazda"><description><comment>Mazda 323</comment></description></alternative><alternative id="a01" name="Tipo"><description><comment>Fiat tipo</comment></description></alternative><alternative id="a06" name="Corolla"><description><comment>Toyota Corolla</comment></description></alternative><alternative id="a02" name="Alfa"><description><comment>Alfa 33</comment></description></alternative><alternative id="a09" name="Escort"><description><comment>Ford Escort</comment></description></alternative><alternative id="a10"></alternative><alternative id="a11"></alternative><alternative id="fictiveWorst"></alternative><alternative id="fictiveBest"></alternative></alternatives></XMCDA>