<?xml version="1.0" encoding="UTF-8" standalone="no"?>
<XMCDA NS0:schemaLocation="http://www.decision-deck.org/2009/XMCDA-2.0.0 http://sma.uni.lu/d2cms/xmcda/_downloads/XMCDA-2.0.0.xsd" xmlns="http://www.decision-deck.org/2009/XMCDA-2.0.0" xmlns:NS0="http://www.w3.org/2001/XMLSchema-instance"><criteriaValues mcdaConcept="preferenceDirection" xmlns=""><criterionValue><criterionID>g1</criterionID><value><label>min</label></value></criterionValue><criterionValue><criterionID>g2</criterionID><value><label>min</label></value></criterionValue><criterionValue><criterionID>g3</criterionID><value><label>min</label></value></criterionValue></criteriaValues></XMCDA>